,correlation,p_value,slope,intercept,r_squared,n_samples
0,0.25432226089032284,4.707976839144831e-13,0.020501365432372003,0.0013809647084398052,0.06467981238436535,785
