,correlation,p_value,slope,intercept,r_squared,n_samples
0,0.010657127527707713,0.765609691011428,0.025659618618992904,0.02714882781654745,0.000113574367141826,785
