,correlation,p_value,slope,intercept,r_squared,n_samples
0,0.3090864317169542,7.713234085039846e-19,0.013850065047062326,-0.003684530302837564,0.09553442227151909,785
